Top pages,Clicks,Impressions,CTR,Position
https://www.nextgenlearning.dev/universities/galgotias-university/courses/btech-in-biotechnology,2,278,0.72%,8.01
https://www.nextgenlearning.dev/universities/sharda-university,1,788,0.13%,10.43
https://www.nextgenlearning.dev/universities,1,122,0.82%,6.01
https://www.nextgenlearning.dev/guides/visa-process-india-bangladesh,1,107,0.93%,13.07
https://www.nextgenlearning.dev/guides/how-to-apply-indian-universities,1,72,1.39%,22.36
https://www.nextgenlearning.dev/universities/chandigarh-university/courses/boptom-bachelor-of-optometry-4-years,1,64,1.56%,8.58
https://www.nextgenlearning.dev/contact,1,63,1.59%,6.52
https://www.nextgenlearning.dev/universities/chandigarh-university/courses/be-cse-cloud-computing-with-ibm,1,56,1.79%,10.71
https://www.nextgenlearning.dev/guides/complete-guide-study-india-bangladesh,1,56,1.79%,13.21
https://www.nextgenlearning.dev/universities/noida-international-university/courses/diploma-in-pharmacy,1,36,2.78%,5.94
https://www.nextgenlearning.dev/,1,34,2.94%,5.41
https://www.nextgenlearning.dev/universities/noida-international-university/courses/mba-pharmaceuticals-management,1,34,2.94%,6.88
https://www.nextgenlearning.dev/universities/noida-international-university/courses/bba-aviation-4-year,1,25,4%,8.88
https://www.nextgenlearning.dev/scholarships,1,16,6.25%,4.56
https://www.nextgenlearning.dev/terms-and-conditions,1,7,14.29%,6.86
https://www.nextgenlearning.dev/universities/galgotias-university/courses/btech-mechanical-engineering-with-specialization-in-e-vehicles-autonomous-vehicles,1,1,100%,1
https://www.nextgenlearning.dev/universities/galgotias-university/courses/btech-in-computer-science-and-engineering,0,988,0%,7.92
https://www.nextgenlearning.dev/universities/sharda-university/courses/btech-in-computer-science-engineering,0,770,0%,7.64
https://www.nextgenlearning.dev/universities/galgotias-university,0,556,0%,7.63
https://www.nextgenlearning.dev/universities/noida-international-university,0,428,0%,9.17
https://www.nextgenlearning.dev/universities/galgotias-university/courses/bachelor-of-physiotherapy,0,264,0%,8.38
https://www.nextgenlearning.dev/universities/chandigarh-university/courses/bsc-hons-forensic-science-4-years,0,262,0%,3.74
https://www.nextgenlearning.dev/universities/chandigarh-university/courses/bcom-hons-in-association-with-acca,0,222,0%,8.36
https://www.nextgenlearning.dev/universities/galgotias-university/courses/bsc-lateral-entry-medical-radiology-and-imaging-technology-bmrit,0,196,0%,9.72
https://www.nextgenlearning.dev/universities/galgotias-university/courses/msc-computer-science,0,140,0%,7.73
https://www.nextgenlearning.dev/universities/sharda-university/courses/bachelor-of-physiotherapy,0,136,0%,10.06
https://www.nextgenlearning.dev/universities/sharda-university/courses/msc-biotechnologymicrobiologyfood-science-technology,0,134,0%,8.46
https://www.nextgenlearning.dev/universities/chandigarh-university/courses/bba-llb-hons-integrated-5-years,0,127,0%,9.96
https://www.nextgenlearning.dev/universities/chandigarh-university/courses/be-cse-cyber-security-with-ibm,0,122,0%,8.28
https://www.nextgenlearning.dev/universities/chandigarh-university/courses/be-cse-data-science-with-ibm,0,117,0%,5.78
https://www.nextgenlearning.dev/compare,0,115,0%,12.4
https://www.nextgenlearning.dev/universities/galgotias-university/courses/bba-logistics-and-supply-chain-management,0,109,0%,2.91
https://www.nextgenlearning.dev/universities/galgotias-university/courses/btech-in-computer-science-and-engineering-artificial-intelligence-and-machine-learning,0,108,0%,11.06
https://www.nextgenlearning.dev/guides/naac-a-plus-universities-india,0,101,0%,11.97
https://www.nextgenlearning.dev/universities/sharda-university/courses/btech-cse-artificial-intelligence-machine-learning,0,92,0%,9.42
https://www.nextgenlearning.dev/universities/galgotias-university/courses/bsc-hons-computer-science-game-design-and-development,0,91,0%,6.85
https://www.nextgenlearning.dev/universities/galgotias-university/courses,0,87,0%,13.23
https://www.nextgenlearning.dev/universities/noida-international-university/courses/btech-cse-aiml,0,86,0%,8.29
https://www.nextgenlearning.dev/universities/chandigarh-university/courses/bca-hons-uiux-design,0,86,0%,9.86
https://www.nextgenlearning.dev/universities/chandigarh-university/courses/ba-llb-hons-integrated-5-years,0,85,0%,8.88
https://www.nextgenlearning.dev/universities/sharda-university/courses/bsc-cardiovascular-technology,0,81,0%,7.58
https://www.nextgenlearning.dev/universities/sharda-university/courses/btech-lateral-entry-computer-science-engineering,0,81,0%,7.94
https://www.nextgenlearning.dev/universities/chandigarh-university/courses/mba-healthcare-hospital-management,0,79,0%,8.44
https://www.nextgenlearning.dev/universities/chandigarh-university/courses/bsc-hons-computer-science,0,79,0%,10.51
https://www.nextgenlearning.dev/about,0,77,0%,13.96
https://www.nextgenlearning.dev/universities/chandigarh-university/courses/bcom-llb-hons-integrated-5-years,0,76,0%,6.25
https://www.nextgenlearning.dev/universities/noida-international-university/courses/bachelor-of-pharmacy,0,76,0%,8.53
https://www.nextgenlearning.dev/courses/compare/btech-lateral-aiml,0,74,0%,38.3
https://www.nextgenlearning.dev/universities/sharda-university/courses/bcom-international-accounting-finance-with-acca-uk,0,71,0%,11.72
https://www.nextgenlearning.dev/universities/chandigarh-university/courses/bsc-hons-computer-science-statistics-mathematics,0,69,0%,8.26
https://www.nextgenlearning.dev/universities/chandigarh-university/courses/bsc-hons-airlines-airport-management,0,68,0%,9.69
https://www.nextgenlearning.dev/universities/chandigarh-university/courses/bsc-hons-nutrition-dietetics-4-years,0,67,0%,7.6
https://www.nextgenlearning.dev/universities/chandigarh-university,0,67,0%,10.6
https://www.nextgenlearning.dev/universities/chandigarh-university/courses/bpt-bachelor-of-physiotherapy-45-years,0,67,0%,10.66
https://www.nextgenlearning.dev/universities/galgotias-university/courses/bca,0,65,0%,7.26
https://www.nextgenlearning.dev/universities/sharda-university/courses/master-of-arts-clinical-psychology,0,65,0%,9.4
https://www.nextgenlearning.dev/universities/chandigarh-university/courses/bsc-hons-biotechnology,0,63,0%,10.51
https://www.nextgenlearning.dev/universities/galgotias-university/courses/mca,0,62,0%,8.32
https://www.nextgenlearning.dev/universities/noida-international-university/courses/bachelor-in-physiotherapy,0,60,0%,10.18
https://www.nextgenlearning.dev/universities/sharda-university/courses/ba-honsresearch-psychology,0,59,0%,8.76
https://www.nextgenlearning.dev/courses/compare/btech-cse,0,58,0%,6.84
https://www.nextgenlearning.dev/universities/sharda-university/courses/btech-cse-cyber-security-forensics-in-association-with-ec-council,0,58,0%,8.12
https://www.nextgenlearning.dev/universities/galgotias-university/courses/mba-healthcare-hospital-management,0,58,0%,8.81
https://www.nextgenlearning.dev/universities/galgotias-university/courses/bsc-cardiovascular-technology,0,57,0%,6.47
https://www.nextgenlearning.dev/universities/sharda-university/courses/bsc-computer-science-ai-and-machine-learning,0,55,0%,7.65
https://www.nextgenlearning.dev/universities/sharda-university/courses/btech-lateral-entry-biotechnology-genetic-engineering,0,55,0%,8.78
https://www.nextgenlearning.dev/universities/galgotias-university/courses/doctor-of-philosophy-phd-in-clinical-research,0,54,0%,9.11
https://www.nextgenlearning.dev/universities/chandigarh-university/courses/bcom-hons-capital-markets,0,53,0%,5.58
https://www.nextgenlearning.dev/universities/galgotias-university/courses/diploma-in-computer-science-engineering,0,53,0%,9.09
https://www.nextgenlearning.dev/universities/chandigarh-university/courses/be-cse-cloud-computing-lateral-entry,0,53,0%,43.75
https://www.nextgenlearning.dev/universities/chandigarh-university/courses/pharm-d-post-baccalaureate-pb-3-years,0,52,0%,7.5
https://www.nextgenlearning.dev/courses/compare/btech-ai-ml,0,50,0%,7.88
https://www.nextgenlearning.dev/universities/sharda-university/courses/bsc-honsresearch-data-science-and-analytics,0,50,0%,8.56
https://www.nextgenlearning.dev/universities/chandigarh-university/courses/mpt-specialization-in-sports,0,47,0%,5.09
https://www.nextgenlearning.dev/universities/galgotias-university/courses/bca-in-industry-oriented-specialization-computer-networks-and-cyber-security,0,47,0%,10.34
https://www.nextgenlearning.dev/universities/sharda-university/courses/bsc-in-medical-laboratory-technology-bmlt,0,47,0%,10.74
https://www.nextgenlearning.dev/universities/chandigarh-university/courses/be-computer-science-engineering-cse-lateral-entry,0,44,0%,10.73
https://www.nextgenlearning.dev/universities/galgotias-university/courses/bsc-hons-computer-science,0,43,0%,7.28
https://www.nextgenlearning.dev/universities/chandigarh-university/courses/mba-data-science-artificial-intelligence,0,43,0%,8.81
https://www.nextgenlearning.dev/universities/sharda-university/courses/btech-biotechnology-genetic-engineering,0,42,0%,9.19
https://www.nextgenlearning.dev/universities/sharda-university/courses/bca-ai-and-machine-learning,0,42,0%,9.76
https://www.nextgenlearning.dev/courses/compare/btech-cyber-security,0,41,0%,8.85
https://www.nextgenlearning.dev/universities/noida-international-university/courses/bsc-cardiac-care-technology,0,39,0%,7.97
https://www.nextgenlearning.dev/universities/galgotias-university/courses/btech-in-computer-science-and-engineering-cyber-security,0,39,0%,8.33
https://www.nextgenlearning.dev/universities/sharda-university/courses/btech-lateral-entry-cse-artificial-intelligence-machine-learning,0,38,0%,11.74
https://www.nextgenlearning.dev/courses,0,36,0%,9.36
https://www.nextgenlearning.dev/universities/sharda-university/courses/bcom-finance-accounting-with-ica,0,36,0%,10.75
https://www.nextgenlearning.dev/universities/galgotias-university/courses/msc-in-industrial-biotechnology,0,35,0%,6.91
https://www.nextgenlearning.dev/universities/galgotias-university/courses/bsc-lateral-entry-cardiovascular-technology,0,35,0%,7
https://www.nextgenlearning.dev/universities/noida-international-university/courses/mba-hospital-health-management,0,35,0%,8.17
https://www.nextgenlearning.dev/universities/noida-international-university/courses/bsc-forensic-science-3-year,0,34,0%,7.71
https://www.nextgenlearning.dev/universities/chandigarh-university/courses/barch-bachelor-of-architecture-nata-required,0,34,0%,10.53
https://www.nextgenlearning.dev/universities/sharda-university/courses/btech-electronics-computer-engg-ai-and-ml,0,34,0%,12.24
https://www.nextgenlearning.dev/universities/galgotias-university/courses/mba-data-science-artificial-intelligence,0,33,0%,2.94
https://www.nextgenlearning.dev/universities/galgotias-university/courses/bsc-medical-biotechnology,0,33,0%,6.03
https://www.nextgenlearning.dev/universities/chandigarh-university/courses/msc-industrial-chemistry-microbiology-biotechnology,0,33,0%,6.3
https://www.nextgenlearning.dev/universities/chandigarh-university/courses/mba-logistics-and-supply-chain-management,0,33,0%,7.15
https://www.nextgenlearning.dev/universities/noida-international-university/courses/master-of-physiotherapy,0,33,0%,9.39
https://www.nextgenlearning.dev/universities/chandigarh-university/courses/bachelor-of-fine-arts,0,33,0%,10.91
https://www.nextgenlearning.dev/universities/noida-international-university/courses/btech-cse-cyber-security-in-collaboration-with-ibm,0,32,0%,5.97
https://www.nextgenlearning.dev/universities/galgotias-university/courses/msc-in-healthcare-and-clinical-research,0,32,0%,7.59
https://www.nextgenlearning.dev/universities/sharda-university/courses/btech-cse-data-science-analytics-in-association-with-oracle,0,32,0%,9.03
https://www.nextgenlearning.dev/universities/chandigarh-university/courses/bachelor-of-pharmacy-4-years,0,31,0%,9.68
https://www.nextgenlearning.dev/universities/galgotias-university/courses/integrated-bca-mca,0,30,0%,18.57
https://www.nextgenlearning.dev/universities/sharda-university/courses/master-of-arts-applied-psychology,0,29,0%,7.86
https://www.nextgenlearning.dev/universities/sharda-university/courses/bsc-information-technology,0,29,0%,8.38
https://www.nextgenlearning.dev/universities/galgotias-university/courses/msc-in-medical-biotechnology,0,28,0%,4.86
https://www.nextgenlearning.dev/universities/galgotias-university/courses/bsc-hons-computer-science-data-science,0,28,0%,7.64
https://www.nextgenlearning.dev/universities/chandigarh-university/courses/llm-master-of-law-1-year-after-llb,0,28,0%,9.32
https://www.nextgenlearning.dev/universities/noida-international-university/courses/bba-hospital-health-management-3-year,0,28,0%,9.43
https://www.nextgenlearning.dev/guides/scholarships-bangladeshi-students-india,0,28,0%,9.96
https://www.nextgenlearning.dev/universities/galgotias-university/courses/bsc-clinical-nutrition-dietetics,0,27,0%,6.93
https://www.nextgenlearning.dev/universities/chandigarh-university/courses/me-cse-data-science,0,27,0%,10.44
https://www.nextgenlearning.dev/universities/galgotias-university/courses/bsc-hons-computer-science-cyber-security,0,27,0%,11.41
https://www.nextgenlearning.dev/universities/chandigarh-university/courses/bsc-hons-culinary-sciences,0,27,0%,11.74
https://www.nextgenlearning.dev/universities/chandigarh-university/courses/msc-botany-data-sciences,0,27,0%,31.7
https://www.nextgenlearning.dev/courses/compare/btech-data-science,0,26,0%,6.65
https://www.nextgenlearning.dev/universities/sharda-university/courses/bachelor-of-architecture,0,26,0%,7.85
https://www.nextgenlearning.dev/universities/galgotias-university/courses/diploma-in-computer-science-engineering-ai-ml,0,26,0%,8.85
https://www.nextgenlearning.dev/universities/noida-international-university/courses/mba-dual-specialization,0,26,0%,9.31
https://www.nextgenlearning.dev/universities/sharda-university/courses/bsc-honsresearch-bio-chemistrybiotechnologymicrobiologyfood-science-technology,0,26,0%,9.88
https://www.nextgenlearning.dev/universities/sharda-university/courses/m-pharm,0,26,0%,9.88
https://www.nextgenlearning.dev/universities/galgotias-university/courses/bsc-healthcare-and-clinical-research,0,25,0%,7.56
https://www.nextgenlearning.dev/universities/sharda-university/courses/mtech-computer-science-engineering-networking-cyber-securitysoftware-engineeringdata-science,0,25,0%,8.36
https://www.nextgenlearning.dev/universities/galgotias-university/courses/btech-lateral-entry-computer-science-and-engineering,0,25,0%,9.4
https://www.nextgenlearning.dev/universities/noida-international-university/courses/btech-in-biotechnology,0,25,0%,9.4
https://www.nextgenlearning.dev/universities/noida-international-university/courses/mba-elite,0,25,0%,10.8
https://www.nextgenlearning.dev/universities/galgotias-university/courses/msc-in-clinical-nutrition-dietetics,0,24,0%,3.21
https://www.nextgenlearning.dev/courses/compare/btech-cloud-computing,0,23,0%,10.52
https://www.nextgenlearning.dev/universities/chandigarh-university/courses/pharm-d-doctor-of-pharmacy-6-years,0,21,0%,7.48
https://www.nextgenlearning.dev/universities/noida-international-university/courses/bsc-biotechnology-4-year,0,21,0%,8.76
https://www.nextgenlearning.dev/universities/galgotias-university/courses/bachelor-of-design-fashion-design-in-association-with-t-series,0,21,0%,10.52
https://www.nextgenlearning.dev/universities/sharda-university/courses/bsc-computer-science-cloud-computing-and-iot,0,20,0%,7.5
https://www.nextgenlearning.dev/universities/chandigarh-university/courses/mba-tourism-hospitality-management,0,20,0%,8.1
https://www.nextgenlearning.dev/universities/galgotias-university/courses/btech-in-computer-science-and-engineering-cyber-security-and-digital-forensic,0,20,0%,10.3
https://www.nextgenlearning.dev/universities/sharda-university/courses/bsc-data-science-and-analytics,0,20,0%,10.3
https://www.nextgenlearning.dev/universities/galgotias-university/courses/mtech-in-computer-science-engineering-artificial-intelligence-machine-learning-weekend,0,20,0%,13.25
https://www.nextgenlearning.dev/universities/galgotias-university/courses/doctor-of-philosophy-phd-in-political-science,0,19,0%,6.42
https://www.nextgenlearning.dev/universities/chandigarh-university/courses/bba-hons-advertising-marketing,0,19,0%,9.53
https://www.nextgenlearning.dev/universities/chandigarh-university/courses/be-computer-science-engineering-cse,0,19,0%,11.79
https://www.nextgenlearning.dev/universities/chandigarh-university/courses/bca-hons-augmented-reality-and-virtual-reality-arvr,0,19,0%,12.47
https://www.nextgenlearning.dev/universities/chandigarh-university/courses/m-pharm-industrial-pharmacy,0,18,0%,10.33
https://www.nextgenlearning.dev/universities/sharda-university/courses/master-of-arts-modern-history,0,17,0%,5.76
https://www.nextgenlearning.dev/universities/galgotias-university/courses/ba-hons-political-science,0,17,0%,7.18
https://www.nextgenlearning.dev/universities/sharda-university/courses/master-of-arts-political-science,0,17,0%,8.29
https://www.nextgenlearning.dev/universities/noida-international-university/courses/bca-3-year,0,17,0%,12.65
https://www.nextgenlearning.dev/universities/galgotias-university/courses/doctor-of-philosophy-phd-in-library-information-sciences,0,16,0%,5.56
https://www.nextgenlearning.dev/universities/sharda-university/courses/msc-nutrition-dietetics-clinical-nutritionfood-science-and-nutritionpublic-health-nutrition,0,16,0%,8.69
https://www.nextgenlearning.dev/universities/noida-international-university/courses/bba-hospital-health-management-4-year,0,16,0%,9.5
https://www.nextgenlearning.dev/universities/galgotias-university/courses/mba-business-analytics-with-ibm,0,16,0%,10.38
https://www.nextgenlearning.dev/universities/sharda-university/courses/master-of-computer-applications,0,16,0%,10.94
https://www.nextgenlearning.dev/universities/galgotias-university/courses/bcom-hons-financial-markets,0,16,0%,12.25
https://www.nextgenlearning.dev/universities/chandigarh-university/courses/be-cse-data-science-lateral-entry,0,16,0%,12.69
https://www.nextgenlearning.dev/apply,0,15,0%,5.93
https://www.nextgenlearning.dev/guides/mba-india-bangladeshi-students,0,15,0%,7.53
https://www.nextgenlearning.dev/universities/noida-international-university/courses/bsc-forensic-science-4-year,0,15,0%,8.6
https://www.nextgenlearning.dev/universities/chandigarh-university/courses/ba-hons-liberal-arts,0,15,0%,8.73
https://www.nextgenlearning.dev/universities/galgotias-university/courses/mca-industry-oriented-specialization-in-data-analytics,0,15,0%,8.87
https://www.nextgenlearning.dev/guides/cost-living-india-bangladeshi-students,0,15,0%,9.87
https://www.nextgenlearning.dev/universities/chandigarh-university/courses/mca-cloud-computing-devops,0,15,0%,12
https://www.nextgenlearning.dev/universities/chandigarh-university/courses/mca-master-of-computer-applications,0,14,0%,8.29
https://www.nextgenlearning.dev/universities/galgotias-university/courses/btech-in-computer-science-and-engineering-cloud-computing-and-virtualization,0,14,0%,8.86
https://www.nextgenlearning.dev/universities/noida-international-university/courses/ba-llb-hons,0,14,0%,8.93
https://www.nextgenlearning.dev/universities/galgotias-university/courses/doctor-of-philosophy-phd-in-clinical-nutrition-dietetics,0,14,0%,10.21
https://www.nextgenlearning.dev/universities/sharda-university/courses/ba,0,14,0%,11.79
https://www.nextgenlearning.dev/universities/noida-international-university/courses/btech-cse-cyber-security,0,14,0%,15.64
https://www.nextgenlearning.dev/universities/galgotias-university/courses/msc-in-food-safety-and-quality-assurance,0,13,0%,5.69
https://www.nextgenlearning.dev/universities/galgotias-university/courses/msc-in-cardiovascular-technology,0,13,0%,6.85
https://www.nextgenlearning.dev/universities/galgotias-university/courses/doctor-of-philosophy-phd-in-computer-application,0,13,0%,7.92
https://www.nextgenlearning.dev/universities/sharda-university/courses/pharm-d,0,13,0%,8.31
https://www.nextgenlearning.dev/universities/chandigarh-university/courses/be-computer-science-business-system-tcs,0,13,0%,9.62
https://www.nextgenlearning.dev/universities/chandigarh-university/courses/mba-capital-market,0,13,0%,13.92
https://www.nextgenlearning.dev/guides/top-10-btech-programs-india,0,12,0%,4.83
https://www.nextgenlearning.dev/universities/galgotias-university/courses/master-of-physiotherapy-sports-medicine,0,12,0%,5.75
https://www.nextgenlearning.dev/universities/sharda-university/courses/master-of-physiotherapy-mpt-orthopaedicsneurologycardiopulmonarysports,0,12,0%,9.58
https://www.nextgenlearning.dev/privacy-policy/,0,12,0%,10.08
https://www.nextgenlearning.dev/universities/chandigarh-university/courses/bba-hons-digital-marketing,0,12,0%,11.17
https://www.nextgenlearning.dev/universities/galgotias-university/courses/btech-in-computer-science-and-engineering-geographical-information-systems-and-remote-sensing,0,12,0%,11.17
https://www.nextgenlearning.dev/universities/chandigarh-university/courses/mcom-acca,0,11,0%,8
https://www.nextgenlearning.dev/universities/sharda-university/courses/btech-cse-full-stack-development-in-association-with-xebia-academic-alliance,0,11,0%,8.91
https://www.nextgenlearning.dev/universities/galgotias-university/courses/bachelor-of-physiotherapy-lateral-entry,0,11,0%,9.36
https://www.nextgenlearning.dev/universities/chandigarh-university/courses/bsc-hons-medical-lab-technology-4-years,0,11,0%,9.82
https://www.nextgenlearning.dev/universities/noida-international-university/courses/bsc-microbiology-3-year,0,11,0%,9.82
https://www.nextgenlearning.dev/universities/galgotias-university/courses/mba-banking-and-financial-engineering-with-sbi-and-tally,0,11,0%,10.82
https://www.nextgenlearning.dev/universities/chandigarh-university/courses/be-biotechnology-bt-lateral-entry,0,10,0%,6.1
https://www.nextgenlearning.dev/universities/galgotias-university/courses/mtech-in-computer-science-engineering,0,10,0%,8.4
https://www.nextgenlearning.dev/universities/noida-international-university/courses/bba-general-3-year,0,10,0%,8.6
https://www.nextgenlearning.dev/universities/galgotias-university/courses/bsc-hons-computer-science-cloud-computing,0,10,0%,8.8
https://www.nextgenlearning.dev/universities/noida-international-university/courses/btech-cse-data-science,0,10,0%,9.3
https://www.nextgenlearning.dev/universities/galgotias-university/courses/btech-in-computer-science-and-engineering-data-science,0,10,0%,9.8
https://www.nextgenlearning.dev/universities/chandigarh-university/courses/me-computer-science-engineering-cse,0,10,0%,11.4
https://www.nextgenlearning.dev/universities/noida-international-university/courses/mtech-biotechnology,0,10,0%,12.2
https://www.nextgenlearning.dev/universities/sharda-university/courses/btech-cse-artificial-intelligence-for-iot-applications-in-association-with-aeris,0,10,0%,14.3
https://www.nextgenlearning.dev/universities/chandigarh-university/courses,0,10,0%,27.5
https://www.nextgenlearning.dev/universities/galgotias-university/courses/doctor-of-philosophy-phd-in-physiotherapy,0,9,0%,3.78
https://www.nextgenlearning.dev/universities/sharda-university/courses/ba-honsresearch-geography,0,9,0%,5.22
https://www.nextgenlearning.dev/universities/sharda-university/courses/bachelor-of-science-nutrition-dietetics,0,9,0%,6.44
https://www.nextgenlearning.dev/universities/noida-international-university/courses/bfa-paintingsculpture-applied-arts,0,9,0%,6.67
https://www.nextgenlearning.dev/universities/noida-international-university/courses/ba-liberal-arts-4-year,0,9,0%,7.89
https://www.nextgenlearning.dev/universities/galgotias-university/courses/btech-in-computer-science-and-engineering-internet-of-things-and-cyber-security-including-block-chain-technology,0,9,0%,9.44
https://www.nextgenlearning.dev/universities/sharda-university/courses/btech-lateral-entry-cse-cloud-technology-virtualization-in-association-with-aws,0,9,0%,9.78
https://www.nextgenlearning.dev/universities/sharda-university/courses/ba-honsresearch-international-relations,0,9,0%,13.33
https://www.nextgenlearning.dev/universities/galgotias-university/courses/diploma-in-computer-science-engineering-data-analytics,0,8,0%,7
https://www.nextgenlearning.dev/universities/sharda-university/courses/msc-computer-science,0,8,0%,7.12
https://www.nextgenlearning.dev/universities/chandigarh-university/courses/mpt-specialization-in-ortho,0,8,0%,9
https://www.nextgenlearning.dev/universities/sharda-university/courses/mba-marketinginternational-businessbusiness-analyticsbanking-financehrmentrepreneurshipsupply-chainhealth-care,0,8,0%,9.12
https://www.nextgenlearning.dev/universities/galgotias-university/courses/mba-logistics-and-supply-chain-management,0,7,0%,3
https://www.nextgenlearning.dev/universities/noida-international-university/courses/master-of-computer-applications,0,7,0%,4.43
https://www.nextgenlearning.dev/universities/chandigarh-university/courses/ma-liberal-arts,0,7,0%,6.86
https://www.nextgenlearning.dev/universities/sharda-university/courses/bsc-honsresearch-mathematics,0,7,0%,6.86
https://www.nextgenlearning.dev/universities/chandigarh-university/courses/m-pharm-pharmaceutical-chemistry,0,7,0%,7.29
https://www.nextgenlearning.dev/universities/noida-international-university/courses/bba-aviation-3-year,0,7,0%,7.71
https://www.nextgenlearning.dev/universities/sharda-university/courses/btech-lateral-entry-cse-data-science-analytics-in-association-with-oracle,0,7,0%,9.14
https://www.nextgenlearning.dev/universities/noida-international-university/courses/bca-4-year,0,7,0%,11.57
https://www.nextgenlearning.dev/universities/galgotias-university/courses/mtech-in-data-science-weekend,0,7,0%,12.29
https://www.nextgenlearning.dev/universities/noida-international-university/courses/bdes-game-artfilm-art,0,7,0%,12.29
https://www.nextgenlearning.dev/universities/galgotias-university/courses/btech-lateral-entry-biotechnology,0,7,0%,17.57
https://www.nextgenlearning.dev/universities/galgotias-university/courses/mtech-in-communication-engineering-satellite-communication,0,6,0%,4.33
https://www.nextgenlearning.dev/universities/galgotias-university/courses/diploma-in-computer-science-engineering-web-designing,0,6,0%,6.67
https://www.nextgenlearning.dev/universities/noida-international-university/courses/bsc-computer-science-3-year,0,6,0%,7.33
https://www.nextgenlearning.dev/universities/galgotias-university/courses/mtech-in-computer-science-engineering-weekend,0,6,0%,7.83
https://www.nextgenlearning.dev/universities/sharda-university/courses/bachelor-of-visual-arts-applied-arts,0,6,0%,8.5
https://www.nextgenlearning.dev/universities/noida-international-university/courses/bsc-information-technology-4-year,0,6,0%,8.83
https://www.nextgenlearning.dev/universities/galgotias-university/courses/doctor-of-philosophy-phd-in-medical-biotechnology,0,6,0%,9
https://www.nextgenlearning.dev/universities/chandigarh-university/courses/m-pharm-pharmacology,0,6,0%,11.17
https://www.nextgenlearning.dev/universities/chandigarh-university/courses/be-biotechnology-bt,0,6,0%,11.33
https://www.nextgenlearning.dev/universities/chandigarh-university/courses/be-cse-cyber-security-lateral-entry,0,6,0%,12.67
https://www.nextgenlearning.dev/faq,0,6,0%,15.83
https://www.nextgenlearning.dev/universities/sharda-university/courses/ba-honsresearch-film-television-ott-production,0,5,0%,5
https://www.nextgenlearning.dev/universities/sharda-university/courses/bsc-honsresearch-computational-mathematics-and-statistics,0,5,0%,7.2
https://www.nextgenlearning.dev/universities/galgotias-university/courses/mba-capital-market,0,5,0%,7.6
https://www.nextgenlearning.dev/universities/sharda-university/courses/mtech-biotechnology-animalplant-biotechnologygenetic-engineeringbio-engineering-and-bio-informatics,0,5,0%,8.4
https://www.nextgenlearning.dev/universities/noida-international-university/courses/mba-data-analytics-with-ibm,0,5,0%,9
https://www.nextgenlearning.dev/universities/sharda-university/courses/btech-lateral-entry-cse-cyber-security-forensics-in-association-with-ec-council,0,5,0%,9.6
https://www.nextgenlearning.dev/universities/galgotias-university/courses/bsc-healthcare-and-hospital-management,0,5,0%,10.2
https://www.nextgenlearning.dev/universities/sharda-university/courses/ba-political-science,0,5,0%,10.2
https://www.nextgenlearning.dev/universities/galgotias-university/courses/btech-in-computer-science-and-engineering-business-analytics-and-optimization,0,5,0%,17.8
https://www.nextgenlearning.dev/universities/galgotias-university/courses/mca-industry-oriented-specialization-in-web-designing-security,0,5,0%,21.4
https://www.nextgenlearning.dev/universities/galgotias-university/courses/master-of-physiotherapy-neurology,0,4,0%,4.75
https://www.nextgenlearning.dev/universities/chandigarh-university/courses/be-information-technology-it,0,4,0%,5.25
https://www.nextgenlearning.dev/universities/galgotias-university/courses/mtech-in-data-science,0,4,0%,5.25
https://www.nextgenlearning.dev/universities/chandigarh-university/courses/llb-after-graduation-3-years,0,4,0%,5.5
https://www.nextgenlearning.dev/universities/noida-international-university/courses/msc-computer-sciencebiotechnologymicrobiology,0,4,0%,7.75
https://www.nextgenlearning.dev/universities/sharda-university/courses/ba-honsresearch-economics,0,4,0%,7.75
https://www.nextgenlearning.dev/universities/galgotias-university/courses/diploma-in-computer-science-engineering-cloud-computing-it-infrastructure,0,4,0%,11
https://www.nextgenlearning.dev/universities/chandigarh-university/courses/march-masters-of-architecture,0,4,0%,11.5
https://www.nextgenlearning.dev/universities/sharda-university/courses/ba-honsresearch-history,0,4,0%,12.5
https://www.nextgenlearning.dev/universities/chandigarh-university/courses/be-computer-science-business-system-tcs-lateral-entry,0,4,0%,28.5
https://www.nextgenlearning.dev/universities/sharda-university/courses/bba-banking-financeinternational-businessmarketing-managemententrepreneurshiphrmhealth-care-managementsupply-chain-management-logistics,0,3,0%,5.33
https://www.nextgenlearning.dev/universities/galgotias-university/courses/mca-industry-oriented-specialization-in-computer-network-cyber-security,0,3,0%,7
https://www.nextgenlearning.dev/search/,0,3,0%,9
https://www.nextgenlearning.dev/universities/sharda-university/courses/bsc-honsresearch-computational-chemistry,0,3,0%,9.33
https://www.nextgenlearning.dev/universities/sharda-university/courses/bsc-honsresearch-physics-computational-physics-renewable-energy,0,3,0%,10
https://www.nextgenlearning.dev/universities/noida-international-university/courses/bsc-biotechnology-3-year,0,3,0%,10.67
https://www.nextgenlearning.dev/universities/noida-international-university/courses/ba-journalism-mass-communication-4-year,0,3,0%,11.67
https://www.nextgenlearning.dev/universities/noida-international-university/courses/bcom-hons-4-year,0,3,0%,12.33
https://www.nextgenlearning.dev/universities/galgotias-university/courses/mba-media-entertainment-management,0,3,0%,13.33
https://www.nextgenlearning.dev/universities/noida-international-university/courses/btech-lateral-entry-data-sciences,0,3,0%,25
https://www.nextgenlearning.dev/universities/galgotias-university/courses/msc-hort-fruit-science,0,2,0%,1
https://www.nextgenlearning.dev/universities/sharda-university/courses/master-of-arts-sociology,0,2,0%,1
https://www.nextgenlearning.dev/universities/noida-international-university/courses/bsc-computer-science-4-year,0,2,0%,5
https://www.nextgenlearning.dev/privacy-policy,0,2,0%,7
https://www.nextgenlearning.dev/universities/galgotias-university/courses/bsc-fashion-design-in-association-with-t-series,0,2,0%,9
https://www.nextgenlearning.dev/universities/sharda-university/courses/btech-lateral-entry-cse-augmented-virtual-reality,0,2,0%,9.5
https://www.nextgenlearning.dev/universities/galgotias-university/courses/mca-industry-oriented-specialization-in-cloud-computing,0,2,0%,10
https://www.nextgenlearning.dev/universities/sharda-university/courses/btech-cse-block-chain-technology,0,2,0%,11
https://www.nextgenlearning.dev/universities/noida-international-university/courses/1-year-english-certificate,0,2,0%,15.5
https://www.nextgenlearning.dev/guides,0,1,0%,1
https://www.nextgenlearning.dev/universities/noida-international-university/courses/bba-general-4-year,0,1,0%,1
https://www.nextgenlearning.dev/universities/noida-international-university/courses/btech-lateral-entry-computer-science-engineering,0,1,0%,1
https://www.nextgenlearning.dev/universities/sharda-university/courses/btech-in-civil-engineering-with-minor-in-cs-engg,0,1,0%,1
https://www.nextgenlearning.dev/universities/noida-international-university/courses/msc-information-technology,0,1,0%,8
https://www.nextgenlearning.dev/universities/galgotias-university/courses/mtech-in-communication-engineering-satellite-communication-weekend,0,1,0%,9
https://www.nextgenlearning.dev/universities/noida-international-university/courses/btech-in-computer-science-engineering,0,1,0%,9
https://www.nextgenlearning.dev/universities/sharda-university/courses/btech-lateral-entry-cse-full-stack-development-in-association-with-xebia-academic-alliance,0,1,0%,10
https://www.nextgenlearning.dev/courses/compare/btech-ece,0,1,0%,11
https://www.nextgenlearning.dev/universities/sharda-university/courses/btech-lateral-entry-electronics-computer-engg-ai-and-ml,0,1,0%,11
https://www.nextgenlearning.dev/universities/chandigarh-university/courses/bba-hons-health-care-management,0,1,0%,12
https://www.nextgenlearning.dev/universities/noida-international-university/courses/btech-civil-engineering-smart-cities,0,1,0%,12
https://www.nextgenlearning.dev/universities/sharda-university/courses/bcom-honsresearch,0,1,0%,12
https://www.nextgenlearning.dev/universities/sharda-university/courses/btech-electronics-computer-engg-iot,0,1,0%,13
https://www.nextgenlearning.dev/courses/compare/mca,0,1,0%,22
https://www.nextgenlearning.dev/universities/sharda-university/courses/ba-honsresearch-sociology,0,1,0%,66